 The curl license

COPYRIGHT AND PERMISSION NOTICE

Copyright (c) 1996 - 2024, Daniel Stenberg, daniel@haxx.se, and many
contributors, see the THANKS file.

All rights reserved.

Permission to use, copy, modify, and distribute this software for any
purpose with or without fee is hereby granted, provided that the above
copyright notice and this permission notice appear in all copies.

THE SOFTWARE IS PROVIDED "AS IS", WITHOUT WARRANTY OF ANY KIND, EXPRESS OR
IMPLIED, INCLUDING BUT NOT LIMITED TO THE WARRANTIES OF MERCHANTABILITY,
FITNESS FOR A PARTICULAR PURPOSE AND NONINFRINGEMENT OF THIRD PARTY RIGHTS. 
IN NO EVENT SHALL THE AUTHORS OR COPYRIGHT HOLDERS BE LIABLE FOR ANY CLAIM,
DAMAGES OR OTHER LIABILITY, WHETHER IN AN ACTION OF CONTRACT, TORT OR
OTHERWISE, ARISING FROM, OUT OF OR IN CONNECTION WITH THE SOFTWARE OR THE
USE OR OTHER DEALINGS IN THE SOFTWARE.

Except as contained in this notice, the name of a copyright holder shall not
be used in advertising or otherwise to promote the sale, use or other
dealings in this Software without prior written authorization of the
copyright holder.

-----
THANKS file:

Thanks for Your Contribution to the curl Project!

This project has been alive for many years.  At least 3132 persons have
provided code, feedback, advice etc that have improved curl.  curl and
libcurl would not be what they are today without the help of friendly people
like this.

If you have helped out but are missing in this list, please tell us!

0xee on github · 0xflotus on github · 12932 on github · 1337vt on github ·
1ocalhost on github · 3dyd on github · 3eka on github · 5533asdg on github ·
8U61ife on github · a1346054 on github · Aaro Koskinen · Aaron Oneal · Aaron
Orenstein · Aaron Scarisbrick · aasivov on github · Abhinav Singh · Abram
Pousada · accountantM on github · AceCrow on Github · ad0p on github · Adam
Averay · Adam Barclay · Adam Brown · Adam Coyne · Adam D.  Moss · Adam
Langley · Adam Light · Adam Marcionek · Adam Piggott · Adam Rosenfield ·
Adam Sampson · Adam Tkac · Ádler Jonas Gross · Adnan Khan · adnn on github ·
Adrian Burcea · Adriano Meirelles · Adrian Peniak · Adrian Schuur · afrind
on github · Aftab Alam · ahodesuka on github · ajak in #curl · Ajit Dhumale
· Akhilesh Nema · Akhil Kedia · Aki Koskinen · Akos Pasztory · Akshay
Vernekar · Alain Danteny · Alain Miniussi · Alan Coopersmith · Alan Jenkins
· Alan Pinstein · Albert Chin‑A‑Young · Albert Choy · Albin Vass · Alejandro
Alvarez Ayllon · Alejandro Colomar · Alejandro R.  Sedeño · Aleksandar
Milivojevic · Aleksander Mazur · Aleksandr Krotov · Aleksey Tulinov · Ales
Mlakar · Ales Novak · Alessandro Ghedini · Alessandro Vesely · Alex aka
WindEagle · Alexander Bartel · Alexander Beedie · Alexander Chuykov ·
Alexander Dyagilev · Alexander Elgert · Alexander Jaeger · Alexander Kanavin
· Alexander Klauer · Alexander Kourakos · Alexander Krasnostavsky ·
Alexander Lazic · Alexander Pepper · Alexander Peslyak · Alexander
Sinditskiy · Alexander Traud · Alexander V.  Tikhonov · Alexander Zhuravlev
· Alexandre Bury · Alexandre Ferrieux · Alexandre Pion · Alex Baines · Alex
Bligh · Alex Bozarth · Alex Chan · Alex Crichton · Alexey Borzov · Alexey
Eremikhin · Alexey Larikov · Alexey Melnichuk · Alexey Pesternikov · Alexey
Savchuk · Alexey Simak · Alexey Zakhlestin · Alex Fishman · Alex Gaynor ·
Alex Grebenschikov · Alex Gruz · Alexis Carvalho · Alexis La Goutte · Alexis
Vachette · Alex Kiernan · Alex Klyubin · Alex Konev · Alex Malinovich · Alex
Mayorga · Alex McLellan · Alex Neblett · Alex Nichols · Alex Potapenko ·
Alex Rousskov · Alex Samorukov · Alex Suykov · Alex Vinnik · Alex Xu ·
Alfonso Martone · Alfred Gebert · Ali Khodkar · ALittleDruid on github · Ali
Utku Selen · Allen Pulsifer · Alois Klink · Alona Rossen · Amaury Denoyelle
· amishmm on github · Amit Katyal · Ammar Faizi · Amol Pattekar · Amr Shahin
· Anatol Belski · Anatoli Tubman · Anders Bakken · Anders Berg · Anders
Gustafsson · Anders Havn · Anderson Sasaki · Anderson Toshiyuki Sasaki ·
Anders Roxell · Andi Jahja · Andrea Pappacoda · Andreas Damm · Andreas
Falkenhahn · Andreas Farber · Andreas Fischer · Andreas Huebner · Andreas
Kiefer · Andreas Kostyrka · Andreas Malzahn · Andreas Ntaflos · Andreas
Olsson · Andreas Rieke · Andreas Roth · Andreas Schneider · Andreas Schuldei
· Andreas Sommer · Andreas Streichardt · Andreas Wurf · Andre Guibert de
Bruet · Andre Heinecke · Andrei Benea · Andrei Bica · Andrei Cipu · Andrei
Karas · Andrei Kurushin · Andrei Neculau · Andrei Rybak · Andrei Sedoi ·
Andrei Valeriu BICA · Andrei Virtosu · Andrej E Baranov · Andrés García ·
Andrew Barnert · Andrew Barnes · Andrew Benham · Andrew Biggs · Andrew
Bushnell · Andrew de los Reyes · Andrew Francis · Andrew Fuller · Andrew
Ishchuk · Andrew Kaster · Andrew Krieger · Andrew Kurushin · Andrew Lambert
· Andrew Moise · Andrew Potter · Andrew Robbins · Andrew Wansink · Andrey
Alifanov · Andrey Gursky · Andrey Labunets · Andrii Moiseiev · Andrius
Merkys · Andy Alt · Andy Cedilnik · Andy Fiddaman · Andy Serpa · Andy Stamp
· Andy Tsouladze · Angus Mackay · anio on github · annalee · anon00000000 on
github · anshnd on github · Anssi Kolehmainen · Antarpreet Singh · Anthon
Pang · Anthony Avina · Anthony Bryan · Anthony G.  Basile · Anthony Hu ·
Anthony Ramine · Anthony Shaw · Antoine Aubert · Antoine Calando · Antoine
du Hamel · Antoine Pietri · Antoine Pitrou · Anton Bychkov · Anton Gerasimov
· Antonio Larrosa · Antoni Villalonga · Anton Kalmykov · Anton Malov ·
Antony74 on github · Anton Yabchinskiy · Antti Hätälä · Anubhav Rai ·
apparentorder on github · April King · arainchik on github · Archangel_SDY
on github · Arjan van de Ven · Arkadiusz Miskiewicz · Armel Asselin · Arnaud
Compan · Arnaud Ebalard · Arnaud Rebillout · Arne Soete · Aron Bergman ·
Aron Rotteveel · Artak Galoyan · Arthur Murray · Artur Sinila · Arve Knudsen
· Arvid Norberg · arvids‑kokins‑bidstack on github · asavah on github ·
Ashish Shukla · Ashwin Metpalli · Askar Safin · Ask Bjørn Hansen ·
AtariDreams on github · Ates Goral · atjg on github · Augustus Saunders ·
Austin Green · av223119 on github · Avery Fay · awesomekosm on github ·
awesomenode on github · Axel Chong · Axel Morawietz · Axel Tillequin · Ayesh
Karunaratne · Ayoub Boudhar · Ayushman Singh Chauhan · b9a1 on github ·
Bachue Zhou · Baitinq on github · Balaji Parasuram · Balaji Salunke · Balaji
S Rao · Balakrishnan Balasubramanian · Balazs Kovacsics · balikalina on
Github · Balint Szilakszi · Barry Abrahamson · Barry Pollard · Bart Whiteley
· Baruch Siach · Bas Mevissen · Bastian Krause · Bastien Bouclet · Basuke
Suzuki · Bas van Schaik · baumanj on github · bdry on github · beckenc on
github · Ben · Benau on github · Ben Boeckel · Benbuck Nason · Ben Darnell ·
Ben Fritz · Ben Greear · Benjamin Gerard · Benjamin Gilbert · Benjamin
Johnson · Benjamin Kircher · Benjamin Loison · Benjamin Riefenstahl ·
Benjamin Ritcey · Benjamin Sergeant · Ben Kohler · Ben Madsen · Ben
Noordhuis · Benoit Neil · Benoit Pierre · Benoit Sigoure · Ben Van Hof · Ben
Voris · Ben Winslow · Bernard Leak · Bernard Spil · Bernat Mut · Bernd
Mueller · Bernhard Iselborn · Bernhard M.  Wiedemann · Bernhard
Reutner‑Fischer · Bernhard Walle · Bert Huijben · Bertrand Demiddelaer ·
Bertrand Simonnet · beslick5 on github · Bevan Weiss · Bill Doyle · Bill
Egert · Bill Hoffman · billionai on github · Bill Middlecamp · Bill Nagel ·
Bill Pyne · Billyzou0741326 on github · Bin Lan · Bin Meng · Biswapriyo Nath
· Bjarni Ingi Gislason · Bjoern Franke · Bjoern Sikora · Bjorn Augustsson ·
Bjorn Reese · Björn Stenberg · black‑desk on github · Blaise Potard · Blake
Burkhart · bnfp on github · Bo Anderson · bobmitchell1956 on github · Bob
Relyea · Bob Richmond · Bob Schader · Bodo Bergmann · Bogdan Nicula ·
boilingoden · Boris Kuschel · Boris Okunskiy · Boris Rasin · Boris
Verkhovskiy · Brad Burdick · Brad Fitzpatrick · Bradford Bruce · Brad
Forschinger · Brad Harder · Brad Hards · Brad King · Brad Spencer · bramus
on github · Brandon Casey · Brandon Dong · Brandon Wang · BratSinot on
github · Brendan Jurd · Brennan Kinney · Brent Beardsley · Brett Buddin ·
Brian Akins · Brian Bergeron · Brian Carpenter · Brian Chaplin · Brian
Childs · Brian Chrisman · Brian Clemens · Brian Dessent · Brian E.  Gallew ·
Brian Green · Brian Inglis · Brian J.  Murrell · Brian Lund · Brian Nixon ·
Brian Prodoehl · Brian R Duffy · Brian Ulm · Brock Noland · Bruce Mitchener
· Bruce Stephens · BrumBrum on hackerone · Bruno Baguette · Bruno de
Carvalho · Bruno Grasselli · Bruno Henrique Batista Cruz da Silva · Bruno
Thomsen · Bru Rom · Bryan Henderson · Bryan Kemp · bsammon on github ·
bsergean on github · bubbleguuum on github · Bubu on github · buzo‑ffm on
github · bxac on github · Bylon2 on github · Byrial Jensen · Cajus Pollmeier
· Caleb Raitto · calvin2021y on github · Calvin Buckley · Cameron Blomquist
· Cameron Cawley · Cameron Kaiser · Cameron MacMinn · Cameron Will · Camille
Moncelier · Caolan McNamara · Cao ZhenXiang · Captain Basil · Carie Pointer
· Carlo Alberto · Carlo Cannas · Carlo Marcelo Arenas Belón · Carlos
Henrique Lima Melara · Carlos ORyan · Carlo Teubner · Carlo Wood · Carl
Zogheib · Carsten Lange · Casey Bodley · Casey O'Donnell · Catalin Patulea ·
causal‑agent on github · cbartl on github · cclauss on github · Cédric
Connes · Cédric Deltheil · Cering on github · Cesar Eduardo Barros · Chad
Monroe · Chandrakant Bagul · Chara White · Charles Cazabon · Charles Kerr ·
Charles Romestant · Charlie C · Chen Prog · chensong1211 on github ·
Cherish98 on github · Chester Liu · Chih‑Chung Chang · Chih‑Hsuan Yen ·
Chilledheart on github · Chloe Kudryavtsev · Chris Araman · Chris "Bob Bob"
· Chris Carlmar · Chris Combes · Chris Conlon · Chris Deidun · Chris Faherty
· Chris Flerackers · Chris Gaukroger · Chris Maltby · Chris Mumford · Chris
Paulson‑Ellis · Chris Roberts · Chris Sauer · Chris Smowton · Chris Talbot ·
Christian Fillion · Christian Grothoff · Christian Hägele · Christian Heimes
· Christian Hesse · Christian Krause · Christian Kurz · Christian Robottom
Reis · Christian Schmitz · Christian Stewart · Christian Vogt · Christian
Weisgerber · Christophe Demory · Christophe Dervieux · Christophe Legry ·
Christopher Conroy · Christopher Degawa · Christopher Head · Christopher
Palow · Christopher Reid · Christopher R.  Palmer · Christopher Sauer ·
Christopher Stone · Christoph Krey · Christoph M.  Becker · Christoph Reiter
· Chris Webb · Chris Young · chrysos349 on github · Chungtsun Li · Ciprian
Badescu · civodul on github · Claes Jakobsson · Clarence Gardner · Claudio
Neves · claudiusaiz on github · clbr on github · Clemens Gruber · Clément
Notin · Cliff Crosland · Clifford Wolf · Clint Clayton · Cloudogu Siebels ·
cmfrolick on github · codesniffer13 on github · Cody Jones · Cody Mack ·
COFFEETALES on github · coinhubs on github · Colby Ranger · Colin Blair ·
Colin Cross · Colin Hogben · Colin Leroy · Colin O'Dell · Colin Watson ·
Colman Mbuya · Colm Buckley · Constantine Sapuntzakis · consulion on github
· coralw on github · correctmost on github · Cory Benfield · Cory Nelson ·
Costya Shulyupin · Craig Andrews · Craig A West · Craig Davison · Craig de
Stigter · Craig Markwardt · crazydef on github · Cris Bailiff · Cristian
Greco · Cristian Morales Vega · Cristian Rodríguez · Curt Bogmine · Cynthia
Coan · Cyril B · Cyrill Osterwalder · d4d on hackerone · d912e3 on github ·
daboul on github · Dag Ekengren · Dagobert Michelsen · Daiki Ueno · Dair
Grant · Dambaev Alexander · Damian Dixon · Damien Adant · Damien Vielpeau ·
Damien Walsh · Dan Becker · Dan Cristian · Dan Donahue · Dan Fandrich ·
Daniel at touchtunes · Dániel Bakai · Daniel Bankhead · Daniel Black ·
Daniel Carpenter · Daniel Cater · Daniel Egger · Daniel Faust · Daniel
Gustafsson · Daniel Hallberg · Daniel Hwang · Daniel Jeliński · Daniel
Johnson · Daniel Kahn Gillmor · Daniel Katz · Daniel Krügler · Daniel
Kurečka · Daniel Lee Hwang · Daniel Lublin · Daniel Marjamäki · Daniel
Melani · Daniel Mentz · Daniel Romero · Daniel Schauenberg · Daniel Seither
· Daniel Shahaf · Daniel Silverstone · Daniel Steinberg · Daniel Stenberg ·
Daniel Szmulewicz · Daniel Theron · Daniel Valenzuela · Daniel Woelfel · Dan
Johnson · Dan Kenigsberg · Dan Locks · Dan McDonald · Dan McNulty · Dan
Nelson · Dan Petitt · Dan Torop · Dan Zitter · Daphne Luong · Darío Hereñú ·
Dario Nieuwenhuis · Dario Weißer · Darryl House · Darshan Mody · dasimx on
github · DasKutti on github · Dave Cottlehuber · Dave Dribin · Dave
Halbakken · Dave Hamilton · Dave May · Dave Reisner · Dave Thompson · Dave
Vasilevsky · Davey Shafik · David Bau · David Benjamin · David Binderman ·
David Blaikie · David Bohman · David Byron · David Carlier · David Cohen ·
David Cook · David Demelier · David Earl · Davide Cassioli · davidedec on
github · Davide Masserut · David E.  Narváez · David Eriksson · David Garske
· David Goerger · David Houlder · David Hu · David Hull · David James ·
David J Meyer · David Kalnischkies · David Kierznowski · David Kimdon ·
David L.  · David Lang · David LeBlanc · David Lopes · David Lord · David
McCreedy · David McLaughlin · David Odin · David Phillips · David
Rosenstrauch · David Ryskalczyk · David Sanderson · David Schweikert · David
Shaw · David Strauss · David Suter · David Tarendash · David Thiel · David
Walser · David Woodhouse · David Wright · David Yan · Da‑Yoon Chung ·
dbrowndan on github · dEajL3kA on github · Deal(一线灵) · dekerser on github
· dengjfzh on github · Dengminwen · Denis Baručić · Denis Chaplygin · Denis
Feklushkin · Denis Goleshchikhin · Denis Laxalde · Denis Ollier · Dennis
Clarke · Dennis Felsing · Derek Higgins · Derzsi Dániel · Desmond O.  Chang
· destman on github · Detlef Schmier · Dexter Gerig · dfdity on github · D. 
Flinkmann · Dheeraj Sangamkar · Didier Brisebourg · Diego Bes · Diego
Casorran · Dietmar Hauser · Dilyan Palauzov · Dima Barsky · Dima Pasechnik ·
Dima Tisnek · Dimitar Boevski · Dimitre Dimitrov · Dimitrios Apostolou ·
Dimitrios Siganos · Dimitris Sarris · Dinar · Diogo Teles Sant'Anna · Dion
Williams · Dirk Eddelbuettel · Dirk Feytons · Dirk Hünniger · Dirkjan
Bussink · Dirk Manske · Dirk Rosenkranz · Dirk Wetter · Diven Qi ·
divinity76 on github · Divy Le Ray · dkjjr89 on github · dkwolfe4 on github
· Dmitri Shubin · Dmitri Tikhonov · Dmitriy Sergeyev · dmitrmax on github ·
Dmitry Atamanov · Dmitry Bartsevich · Dmitry Eremin‑Solenikov · Dmitry Falko
· Dmitry Karpov · Dmitry Kostjuchenko · Dmitry Kurochkin · Dmitry Mikhirev ·
Dmitry Popov · Dmitry Rechkin · Dmitry S.  Baikov · Dmitry Tretyakov ·
Dmitry Wagin · dnivras on github · Dolbneff A.V · Domenico Andreoli · Domen
Kožar · Dominick Meglio · Dominik Hölzl · Dominik Klemba · Dominik
Thalhammer · Dominique Leuenberger · Dongliang Mu · Don J Olmstead · Doron
Behar · Doug Kaufman · Douglas Creager · Douglas E.  Wegscheid · Douglas
Kilpatrick · Douglas Mencken · Douglas R.  Horner · Douglas R.  Reno ·
Douglas Steinwand · Doug Porter · Dov Murik · dpull on github · Drake
Arconis · dtmsecurity on github · Duane Cathey · Duncan Mac‑Vicar Prett ·
Duncan Wilcox · Dustin Boswell · Dustin Howett · Dusty Mabe · Duy Phan Thanh
· Dwarakanath Yadavalli · Dylan Anthony · Dylan Ellicott · Dylan Salisbury ·
eaglegai on github · Early Ehlinger · Earnestly on github · Eason‑Yu on
github · Ebe Janchivdorj · ebejan on github · Ebenezer Ikonne ·
ed0d2b2ce19451f2 · Eddie Lumpkin · Edgaras Janušauskas · Edin Kadribasic ·
edmcln on github · Edmond Yu · Ed Morley · Edoardo Lolletti · Eduard Bloch ·
Eduard Strehlau · Edward Kimmel · Edward Rudd · Edward Sheldrake · Edward
Thomson · Eelco Dolstra · Eetu Ojanen · eeverettrbx on github · Egon Eckert
· Egor Pugin · Ehren Bendler · Eldar Zaitov · elelel on github · elephoenix
on github · Elia Tufarolo · Eli Schwartz · Elliot Killick · Elliot Saba ·
Ellis Pritchard · Elmira A Semenova · Elms · Eloy Degen · elsamuko on github
· emanruse on github · Emanuele Bovisio · Emanuele Torre · Emil Engler ·
Emiliano Ida · Emilio Cobos Álvarez · Emilio López · Emil Lerner · Emil
Österlund · Emil Romanus · Emmanuel Tychon · Enno Boland · Enrico Scholz ·
Enrik Berkhan · enWILLYado on github · eppesuig · Eramoto Masaya · Eric
Cooper · Eric Curtin · Eric Gallager · Eric Hu · Erick Nuwendam · Eric
Landes · Eric Lavigne · Eric Lubin · Eric Melville · Eric Mertens · Eric
Murphy · Eric Musser · Érico Nogueira · Érico Nogueira Rolim · Eric Rautman
· Eric Rescorla · Eric Ridge · Eric Rosenquist · Eric Sauvageau · Eric S. 
Raymond · Eric Thelin · Eric Vergnaud · Eric Vigeant · Eric Wong · Eric Wu ·
Eric Young · Erik Jacobsen · Erik Janssen · Erik Johansson · Erik Minekus ·
Erik Olsson · Erik Schnetter · Erik Stenlund · Ernest Beinrohr · Ernst
Sjöstrand · Erwan Legrand · Erwin Authried · Esdras de Morais da Silva ·
Estanislau Augé‑Pujadas · Ethan Glasser Camp · Etienne Simard · Eugene
Kotlyarov · Evangelos Foutras · Evan Jordan · Even Rouault · Evert Pot ·
Evgeny Grin (Karlson2k) · Evgeny Turnaev · eXeC64 on github · Eygene
Ryabinkin · Eylem Ugurel · Fabian Fischer · Fabian Frank · Fabian Hiernaux ·
Fabian Keil · Fabian Ruff · Fabian Vogt · Fabian Yamaguchi · Fabrice
Fontaine · Fabrizio Ammollo · Fahim Chandurwala · Faizur Rahman · Faraz
Fallahi · Farzin on github · Fata Nugraha · Fawad Mirza · FC Stegerman ·
fds242 on github · Federico Bianchi · Federico Pellegrin · Fedor
Karpelevitch · Fedor Korotkov · FeignClaims on github · Feist Josselin ·
Felipe Gasper · Felix Hädicke · Felix Kaiser · Felix von Leitner · Felix Yan
· Feng Tu · Fernando Muñoz · Filip Lundgren · Filip Salomonsson · finkjsc on
github · Firefox OS · Flameborn on github · Flavio Medeiros · Florian
Kohnhäuser · Florian Pritz · Florian Schoppmann · Florian Van Heghe ·
Florian Weimer · Florin Petriuc · Forrest Cahoon · Francisco Moraes ·
Francisco Munoz · Francisco Olarte · Francisco Sedano · François Charlier ·
François Michel · Francois Petitjean · François Rigault · Francois Rivard ·
Frank Denis · Frank Gevaerts · Frank Hempel · Frank Keeney · Frank McGeough
· Frank Meier · Frank Ticheler · Frank Van Uffelen · František Kučera ·
Frazer Smith · Frederic Lepied · Frederik B · Frederik Wedel‑Heinen · Fred
Machado · Fred New · Fred Noz · Fredrik Thulin · Fred Stluka · FuccDucc on
github · Fujii Hironori · fullincome on github · fundawang on github · Gabe
· Gabriel Corona · Gabriel Kuri · Gabriel Simmer · Gabriel Sjoberg · Gaelan
Steele · Gaël Portay · Gambit Communications · Ganesh Kamath · gaoxingwang
on github · Garrett Holmstrom · Garrett Squire · Gary Maxwell · Gaurav
Malhotra · Gautam Kachroo · Gautam Mani · Gavin Wong · Gavrie Philipson ·
Gaz Iqbal · gclinch on github · Gealber Morales · Geeknik Labs · Geoff Beier
· Georeth Zhou · George Liu · Georg Horn · Georg Huettenegger · Georg
Lippitsch · Georg Wicherski · Gerd v.  Egidy · Gergely Nagy · Gerhard Herre
· Gerome Fournier · Gerrit Bruchhäuser · Gerrit Renker · Ghennadi Procopciuc
· Giancarlo Formicuccia · Giaslas Georgios · Gilad · Gilbert Ramirez Jr.  ·
Gilles Blanc · Gilles Vollant · Gil Weber · Giorgos Oikonomou · Gisle Vanem
· git‑bruh on github · GitYuanQu on github · Giuseppe Attardi · Giuseppe
D'Ambrosio · Giuseppe Persico · Gleb Ivanovsky · Glen A Johnson Jr.  · Glen
Nakamura · Glenn de boer · Glenn Sheridan · Glenn Strauss · Glen Scott ·
godmar on github · Godwin Stewart · Gökhan Şengün · Google Inc.  · Gordon
Marler · Gorilla Maguila · Goro FUJI · Götz Babin‑Ebell · Gou Lingfeng ·
Graham Campbell · Grant Erickson · Grant Pannell · graywolf on github · Greg
Hewgill · Greg Morse · Greg Onufer · Gregor Jasny · Gregory Jefferis ·
Gregory Muchka · Gregory Nicholls · Gregory Panakkal · Gregory Szorc · Greg
Pratt · Greg Rowe · Greg Zavertnik · Griffin Downs · Grigory Entin · Grisha
Levit · Guenole Bescon · Guido Berhoerster · Guillaume Algis · Guillaume
Arluison · guitared on github · Gunamoi Software · Gunter Knauf ·
guoxinvmware on github · Gustaf Hui · Gustavo Grieco · Guy Poizat ·
GwanYeong Kim · Gwenole Beauchesne · Gwen Shapira · h1zzz on github · H3RSKO
on github · Hagai Auro · Haibo Huang · Hakan Sunay Halil · Hamish Mackenzie
· hamstergene on github · Hang Kin Lau · Hang Su · Han Han · Hannah
Schierling · Hannes Magnusson · Hanno Böck · Hanno Kranzhoff · Han Qiao ·
Hans‑Christian Egtvedt · Hans‑Christian Noren Egtvedt · Hans‑Jurgen May ·
Hans Steegers · Hao Wu · Hardeep Singh · Haris Okanovic · Harold Stuart ·
Harry Mallon · Harry Sason · Harry Sintonen · Harshal Pradhan · Hauke Duden
· Haydar Alaidrus · Hayden Roche · Heikki Korpela · Heinrich Ko · Heinrich
Schaefer · Helge Klein · Helmut K.  C.  Tessarek · Helwing Lutz · Hendrik
Visage · Henning Schild · Henri Gomez · Henrik Gaßmann · Henrik Holst ·
Henrik Storner · Henry Ludemann · Henry Roeland · He Qin · Herve Amblard ·
HexTheDragon · hgdagon on github · Hide Ishikawa · Hidemoto Nakada ·
highmtworks on github · Himanshu Gupta · Hind Montassif · Hiroki Kurosawa ·
Hirotaka Tagawa · Ho‑chi Chen · Hoi‑Ho Chan · Hongli Lai · Hongyi Zhao ·
Howard Blaise · Howard Chu · hsiao yi · HsiehYuho on github · htasta on
github · Hubert Kario · Hugh Macdonald · Hugo van Kemenade · humbleacolyte ·
Huzaifa Sidhpurwala · huzunhao on github · hydra3333 on github · Hzhijun ·
iammrtau on github · Ian Blanes · Ian D Allen · Ian Fette · Ian Ford · Ian
Gulliver · Ian Lynagh · Ian Spence · Ian Turner · Ian Wilkes · iAroc on
github · iconoclasthero · icy17 on github · Ignacio Vazquez‑Abrams · Igor
Franchuk · Igor Khristophorov · Igor Makarov · Igor Novoseltsev · Igor
Polyakov · Igor Todorovski · Ihor Karpenko · ihsinme on github · Iida
Yosiaki · Ikko Ashimine · Ilguiz Latypov · Ilja van Sprundel · Illarion Taev
· illusory‑dream on github · Ilmari Lauhakangas · Ilya Kosarev · imilli on
github · Immanuel Gregoire · ImpatientHippo on GitHub · Inca R ·
infinnovation‑dev on github · Ingmar Runge · Ingo Ralf Blum · Ingo Wilken ·
Inho Oh · Ionuț‑Francisc Oancea · Irfan Adilovic · Ironbars13 on github ·
Irving Wolfe · Isaac Boukris · Isaiah Norton · Ishan SinghLevett · İsmail
Dönmez · Ithubg on github · Ivan Avdeev · ivanfywang · IvanoG on github ·
Ivan Tsybulin · Ivo Bellin Salarin · iz8mbw on github · Jackarain on github
· JackBoosY on github · Jack Boos Yu · Jacky Lam · Jack Zhang · Jacob
Barthelmeh · Jacob Hoffman‑Andrews · Jacob Mealey · Jacob Meuser · Jacob
Moshenko · Jacob Tolar · Jactry Zeng · Jad Chamcham · Jaime Fullaondo ·
jakirkham on github · Jakob Hirsch · Jakub Bochenski · Jakub Jelen · Jakub
Wilk · Jakub Zakrzewski · James Atwill · James Brown · James Bursa · James
Cheng · James Clancy · James Cone · James Dury · James Fuller · James
Gallagher · James Griffiths · James Housley · James Keast · James Knight ·
James Le Cuirot · James Lucas · James MacMillan · James Slaughter · Jamie
Lokier · Jamie Newton · Jamie Wilkinson · Jan Alexander Steffens · JanB on
github · Jan Chren · Jan Ehrhardt · Jan Engelhardt · Jan Koen Annot ·
janko‑js on github · Jan Kunder · Jan Macku · Jan Mazur · Janne Blomqvist ·
Janne Johansson · János Fekete · Jan‑Piet Mens · Jan Schaumann · Jan Schmidt
· Jan Van Boghout · Jan Venekamp · Jan Verbeek · Jared Jennings · Jared
Lundell · Jari Aalto · Jari Sundell · jasal82 on github · Jason Baietto ·
Jason Glasgow · Jason Juang · Jason Lee · Jason Liu · Jason McDonald · Jason
S.  Priebe · Javier Barroso · Javier Blazquez · Javier G.  Sogo · Javier
Navarro · Javier Sixto · Jay Austin · Jay Dommaschk · Jayesh A Shah · Jay Wu
· Jaz Fresh · JazJas on github · jbgoog on github · J.  Bromley ·
Jean‑Claude Chauve · Jean Fabrice · Jean‑Francois Bertrand · Jean‑Francois
Durand · Jean Gressmann · Jean Jacques Drouin · Jean‑Louis Lemaire ·
Jean‑Marc Ranger · Jean‑Noël Rouvignac · Jean‑Philippe Barrette‑LaPierre ·
Jean‑Philippe Menil · Jeff Connelly · Jeff Hodges · Jeff Johnson · Jeff King
· Jeff Lawson · Jeff Luszcz · Jeff Mears · Jeff Phillips · Jeff Pohlmeyer ·
Jeffrey Tolar · Jeffrey Walton · jeffrson on github · Jeff Weber · Jelle van
der Waa · Jenny Heino · Jens Finkhaeuser · Jens Rantil · Jens Schleusener ·
Jeremie Rapin · Jeremy Falcon · Jeremy Friesner · Jeremy Huddleston · Jeremy
Lainé · Jeremy Lin · Jeremy Maitin‑Shepard · Jeremy Pearson · Jérémy Rabasco
· Jérémy Rocher · Jeremy Tan · Jeremy Thibault · Jeroen Koekkoek · Jeroen
Ooms · Jerome Mao · Jerome Muffat‑Meridol · Jerome Robert · Jerome St‑Louis
· Jerome Vouillon · Jerry Krinock · Jerry Wu · Jes Badwal · Jesper Jensen ·
Jesse Chisholm · Jesse Noller · Jesse Tan · Jess Lowe · jethrogb on github ·
jhoyla on github · Jiawen Geng · Jie He · Jiehong on github · Jilayne
Lovejoy · Jim Beveridge · Jim Drash · Jim Freeman · Jim Fuller · Jim
Hollinger · Jim King · Jim Meyering · Jimmy Gaussen · Jiří Bok · Jiri Dvorak
· Jiri Hruska · Jiri Jaburek · Jiří Malák · Jishan Shaikh · jmdavitt on
github · jnbr on github · Jocelyn Jaubert · Jochem Broekhoff · Joe Halpin ·
Joel Chen · Joel Depooter · Joel Jakobsson · Joel Teichroeb · Joe Malicki ·
Joe Mason · joey‑l‑us on github · Jofell Gallardo · Johan Anderson · Johan
Lantz · Johann150 on github · Johannes Bauer · Johannes Ernst · Johannes G. 
Kristinsson · Johannes Lesr · Johannes Schindelin · Johan Nilsson · Johan
van Selst · John A.  Bristor · John Bampton · John Bradshaw · John
Butterfield · John Coffey · John Crow · John David Anglin · John DeHelian ·
John Dennis · John Dunn · John E.  Malmberg · John Gardiner Myers · John
Hascall · John Haugabook · John Hawthorn · John H.  Ayad · John Janssen ·
John Joseph Bachir · John Kelly · John Kohl · John Lask · John Levon · John
Lightsey · John Marino · John‑Mark Bell · John Marshall · John McGowan ·
Johnny Luong · John P.  McCaskey · John Porter · John Schroeder · John
Sherrill · John Simpson · John Starks · John Suprock · John V.  Chow · John
Walker · John Wanghui · John Weismiller · John Wilkinson · Jojojov on github
· Jonas Bülow · Jonas Forsman · Jonas Haag · Jonas Minnberg · Jonas Schnelli
· Jonas Vautherin · Jonatan Lander · Jonatan Vela · Jonathan Cardoso Machado
· Jonathan Hseu · Jonathan Moerman · Jonathan Nieder · Jonathan Perkin ·
Jonathan Watt · Jonathan Wernberg · Jon DeVree · Jongki Suwandi · Jon Grubbs
· Jon Johnson Jr · Jon Nelson · jonny112 on github · Jon Rumsey · Jon
Sargeant · Jon Seymour · Jon Spencer · Jon Torrey · Jon Travis · Jon Turner
· Jon Wilkes · Joombalaya on github · Joonas Kuorilehto · Jordan Brown ·
Jörg Mueller‑Tolk · Jörn Hartroth · Jose Alf · Josef Wolf · José Joaquín
Atria · Jose Kahan · Joseph Chen · Joseph Tharayil · Josh Bialkowski · Josh
Brobst · joshhe on github · Joshix𔂫 on github · Josh Kapell · Josh
McCullough · Josh Soref · Joshua Kwan · Joshua Root · Joshua Swink · Josie
Huddleston · Josip Medved · Josue Andrade Gomes · Jozef Kralik · Juan
Barreto · Juan Cruz Viotti · Juan F.  Codagnone · Juan Ignacio Hervás · Juan
RP · Judson Bishop · Juergen Hoetzel · Juergen Wilke · Jukka Pihl · Julian
Montes · Julian Noble · Julian Ospald · Julian Romero Nieto · Julian Taylor
· Julian Z · Julien Chaffraix · Julien Nabet · Julien Royer · Juliusz
Sosinowicz · jungle‑boogie on github · Junho Choi · Jun‑ichiro itojun Hagino
· junsik on github · Jun Tseng · Jun‑ya Kato · Jürgen Gmach · Jurij Smakov ·
jurisuk on github · Juro Bystricky · JustAnotherArchivist on github ·
justchen1369 on github · Justin Clift · Justin Ehlert · Justin Fletcher ·
Justin Karneges · Justin Maggard · jveazey on github · jvreelanda on github
· jvvprasad78 on github · jzinn on github · ka7 on github · Kael1117 on
github · Kai Engert · Kai Noda · Kai Pastor · Kai Sommerfeld · Kai‑Uwe
Rommel · Kalle Vahlman · Kamil Dudka · Kane York · Kang‑Jin Lee · Kang Lin ·
Kantanat Wannapaka · areem · Kari Pahula · Karl Chen · Karl Moerder · Karol
Pietrzak · Kartatz on Github · Karthikdasari0423 · Karthikdasari0423 on
github · Kartik Mahajan · Kaspar Brand · Katie Wang · Katsuhiko YOSHIDA ·
Kazuho Oku · kchow‑FTNT on github · Kees Cook · Kees Dekker · Keitagit‑kun
on github · Keith MacDonald · Keith McGuigan · Keith Mok · Kelly Kaoudis ·
Ken Brown · Ken Hirsch · Kenneth Davidson · Kenneth Myhra · Kenny To · Ken
Rastatter · Kent Boortz · Kerem Kat · Keshav Krity · Kevin Adler · Kevin
Baughman · Kevin Burke · Kevin Daudt · Kevin Fisk · Kevin Ji · Kevin Lussier
· Kevin R.  Bulgrien · Kevin Reed · Kevin Roth · Kevin Ryan · Kevin Smith ·
Kevin Ushey · Kev Jackson · Kim Minjoong · Kimmo Kinnunen · Kim Rinnewitz ·
Kim Vandry · kirbyn17 on hackerone · Kirill Efimov · Kirill Marchuk · Kjell
Ericson · Kjetil Jacobsen · Klaus Crusius · Klaus Stein · Klevtsov Vadim ·
Kobi Gurkan · Koen Dergent · Koichi Shiraishi · kokke on github · Konstantin
Isakov · Konstantin Kushnir · Konstantin Vlasov · KotlinIsland on github ·
kotoriのねこ · kouzhudong on github · Kovalkov Dmitrii · kpcyrd · kreshano
on github · Krishnendu Majumdar · Kris Kennaway · Krister Johansen ·
Kristian Gunstone · Kristian Köhntopp · Kristian Mide · Kristiyan Tsaklev ·
Kristoffer Gleditsch · K.  R.  Walker · Kunal Chandarana · Kunal Ekawde ·
Kurt Fankhauser · Kushal Das · Kvarec Lezki · kwind on github · Kwon‑Young
Choi · Kyle Abramowitz · kyled‑dell on github · Kyle Edwards · Kyle J. 
McKay · Kyle L.  Huff · Kyle Sallee · Kyohei Kadota · Kyselgov E.N · l00p3r
on Hackerone · Lachlan O'Dea · Ladar Levison · Lance Ware · Laramie Leavitt
· Larry Campbell · Larry Fahnoe · Larry Lin · Larry Stefani · Larry Stone ·
Lars Buitinck · Lars Francke · Lars Gustafsson · Lars J.  Aas · Lars
Johannesen · Lars Kellogg‑Stedman · Lars Nilsson · Lars Torben Wilson · Lau
· Laurent Bonnans · Laurent Dufresne · Laurent Rabret · Laurie
Clark‑Michalek · Lauri Kasanen · Lawrence Gripper · Lawrence Matthews ·
Lawrence Wagerfield · Leah Neukirchen · Lealem Amedie · Leandro Coutinho ·
LeeRiva · Legoff Vincent · Lehel Bernadt · Leif W · Leigh Purdie · Leith
Bade · Lenaic Lefever · Len Krause · Len Marinaccio · Lenny Rachitsky ·
Leonardo Rosati · Leonardo Taccari · Leon Breedt · Leo Neat · Leon Winter ·
Leszek Kubik · Liam Healy · Liam Warfield · LigH‑de on github · lijian996 on
github · Lijo Antony · lilongyan‑huawei on github · Linas Vepstas · Lindley
French · Ling Thio · Linos Giannopoulos · Lin Sun · Linus Lewandowski ·
Linus Nielsen Feltzing · Linus Nordberg · Lior Kaplan · Lisa Xu · Litter
White · Liviu Chircu · Li Xinwei · Liza Alenchery · lizhuang0630 on github ·
lkordos on github · lllaffer on github · Lloyd Fournier · Lluís Batlle i
Rossell · locpyl‑tidnyd on github · Loganaden Velvindron · Loic Dachary ·
Loïc Yhuel · LoRd_MuldeR · Loren Kirkby · Lorenzo Miniero · Louis Solofrizzo
· lRoccoon on github · Luan Cestari · Luật Nguyễn · Luca Altea · Luca
Boccassi · Luca Niccoli · Lucas Adamski · Lucas Clemente Vella · Lucas Holt
· Lucas Pardue · Lucas Servén Marín · Lucas Severo · Lucien Zürcher · Ludek
Finstrle · Ludovico Cavedon · Ludwig Nussel · Lukas Ruzicka · Lukas Tribus ·
Lukáš Zaoral · Lukasz Czekierda · Łukasz Domeradzki · lukaszgn on github ·
Luke Amery · Luke Call · Luke Dashjr · Luke Granger‑Brown · luminixinc on
github · Luo Jinghua · Luong Dinh Dung · Luz Paz · lwthiker on github ·
Lyman Epp · Lyndon Hill · Maciej Domanski · Maciej Karpiuk · Maciej Puzio ·
Maciej W.  Rozycki · madblobfish on github · MaeIsBad on github · Mahmoud
Samir Fayed · Maksim Arhipov · Maksim Kuzevanov · Maksim Sciepanienka ·
Maksim Stsepanenka · Maks Naumov · Maksymilian Arciemowicz · Malik Idrees
Hasan Khan · Mamoru Tasaka · Mamta Upadhyay · Mandy Wu · Manfred Schwarb ·
Manuel Massing · Manuj Bhatia · Marc Aldorasi · Marc‑Antoine Perennou · Marc
Boucher · Marc Deslauriers · Marc Doughty · Marcel Hernandez · Marcelo
Echeverria · Marcelo Juchem · Marcel Raad · Marcel Roelofs · marc‑groundctl
on github · Marc Hesse · Marc Hörsken · Marcin Adamski · Marcin Gryszkalis ·
Marcin Konicki · Marcin Rataj · Marc Kleine‑Budde · Marco Deckel · Marco G. 
Salvagno · Marco Kamner · Marco Maggi · Marcos Diazr · Marc Renault · Marc
Schlatter · Marcus Hoffmann · Marcus Klein · Marcus Müller · Marcus Sundberg
· Marcus T · Marcus Webster · Margu · Marian Klymov · Marin Hannache · Mario
Schroeder · Mark Brand · Mark Butler · Mark Davies · Mark Dodgson · Mark
Gaiser · Mark Hamilton · Mark Huang · Mark Incley · Mark Itzcovitz · Mark
Karpeles · Mark Lentczner · Mark Nottingham · Mark Roszko · Mark Salisbury ·
Mark Seuffert · Mark Sinkovics · Mark Snelling · Mark Swaanenburg · Mark
Tully · Markus Duft · Markus Elfring · Markus Koetter · Markus Moeller ·
Markus Oberhumer · Markus Olsson · Markus Sommer · Markus Westerlind · Mark
W.  Eichin · Mark Wotton · Maros Priputen · Marquis de Muesli · marski on
github · Martijn Koster · Martin Ågren · Martin Ankerl · Martin Bašti ·
Martin C.  Martin · Martin D'Aloia · Martin Dorey · Martin Drasar · Martin
Dreher · Martin Frodl · Martin Galvan · Martin Gartner · Martin Hager ·
Martin Halle · Martin Hedenfalk · Martin Howarth · Martin Jansen · Martin
Kammerhofer · Martin Kepplinger · Martin Lemke · Martin Schmatz · Martin
Skinner · Martin Staael · Martin Storsjö · Martin Strunz · Martin V · Martin
Vejnár · Martin Waleczek · Marty Kuhrt · Maruko · Masaya Suzuki · masbug on
github · Massimiliano Fantuzzi · Massimiliano Ziccardi · Massimo Callegari ·
MasterInQuestion on github · Master Inspire · Mateusz Loskot · Mathew Benson
· Mathias Axelsson · Mathias Fuchs · Mathias Gumz · Mathieu Carbonneaux ·
Mathieu Legare · Matias N.  Goldberg · Mats Lidell · Mats Lindestam · Matt
Arsenault · Matteo Baccan · Matteo Bignotti · Matteo Bignottignotti · Matteo
Rocco · Matt Ford · Matthew Blain · Matthew Clarke · Matthew Hall · Matthew
Kerwin · Matthew Thompson · Matthew Whitehead · Matthias Bolte · Matthias
Gatto · Matthias Naegler · Matt Holt · Mattias Fornander · Matt Jolly · Matt
Kraai · Matt McClure · Matt Veenstra · Matt Witherspoon · Matt Wixson ·
Matus Uzak · Maurice Barnum · Maurício Meneghini Fauth · Mauricio Scheffer ·
Mauro Iorio · Mauro Rappa · Max Dymond · Maxim Dzhura · Maxime Larocque ·
Maxime Legros · Maxim Ivanov · Maxim Perenesenko · Maxim Prohorov · Max
Katsev · Max Kellermann · Max Khon · Max Mehl · Max Peal · Max Savenkov ·
Max Zettlmeißl · mbeifuss on github · mccormickt12 on github · Median Median
Stride · mehatzri on github · Mehmet Bozkurt · Mekonikum · Melissa Mears ·
Melroy van den Berg · Mert Yazıcıoğlu · Mettgut Jamalla · Micah Snyder) ·
Michael Afanasiev · Michael Anti · Michael Baentsch · Michael Benedict ·
Michael Brehm · Michael Brown · Michael Calmer · Michael Cronenworth ·
Michael Curtis · Michael Day · Michael Drake · Michael Felt · Michael Forney
· Michael Gmelin · Michael Goffioul · Michael Heimpold · Michael Hordijk ·
Michael Jahn · Michael Jerris · Michael Kalinin · Michael Kaufmann · Michael
Kilburn · Michael Kolechkin · Michael König · Michael Kujawa · Michael Lee ·
Michael Maltese · Michael Mealling · Michael Mueller · Michael Musset ·
Michael O'Farrell · Michael Olbrich · Michael Osipov · Michael Schmid ·
Michael Smith · Michael Stapelberg · Michael Steuer · Michael Stillwell ·
Michael Trebilcock · Michael Vittiglio · Michael Wallner · Michał Antoniak ·
Michal Bonino · Michal Čaplygin · Michał Fita · Michał Górny · Michał
Janiszewski · Michał Kowalczyk · Michal Marek · Michał Petryka · Michał
Piechowski · Michal Rus · Michal Trybus · Michele Bini · Michel Promonet ·
Miguel Angel · Miguel Diaz · migueljcrum on github · Mihai Ionescu · Mikael
Johansson · Mikael Sennerholm · Mkalai Ananenka · Mike Bytnar · Mike Crowe ·
Mike Dobbs · Mike Dowell · Mike Duglas · Mike Frysinger · Mike Gelfand ·
Mike Giancola · Mike Hasselberg · Mike Henshaw · Mike Hommey · Mike Mio ·
Mike Norton · Mike Power · Mike Protts · Mike Revi · Mike Tzou · Mikhail
Kuznetsov · Miklos Nemeth · Miloš Ljumović · Mingliang Zhu · Mingtao Yang ·
Miroslav Franc · Miroslav Spousta · Mischa Salle · Mitz Wark · mkzero on
github · modbw on github · Mohamed Daahir · Mohamed Lrhazi · Mohamed Osama ·
Mohammad AlSaleh · Mohammad Hasbini · Mohammadreza Hendiani · Mohammed Naser
· Mohun Biswas · momala454 on github · Momoka Yamamoto · MonkeybreadSoftware
on github · moohoorama on github · Morten Minde Neergaard · Mostyn
Bramley‑Moore · Moti Avrahami · MrdUkk on github · MrSorcus on github ·
M.R.T on github · Muhammad Herdiansyah · Muhammad Hussein Ammari · Muhammed
Yavuz Nuzumlalı · Murugan Balraj · musvaage on github · Muz Dima · Myk
Taylor · n0name321 on github · Nach M.  S.  · Nagai H · naost3rn on github ·
Nao Yonashiro · Natanael Copa · Nate Prewitt · Nathanael Nerode · Nathan
Coulter · Nathaniel J.  Smith · Nathaniel R.  Lewis · Nathaniel Waisbrot ·
Nathan Moinvaziri · Nathan O'Sullivan · Naveen Chandran · Naveen Noel · Neal
McBurnett · Neal Poole · nedres on github · neex on github · Nehal J Wani ·
neheb on github · Neil Bowers · Neil Dunbar · Neil Kolban · Neil Spring ·
neutric on github · nevv on HackerOne/curl · Niall McGee · Niall O'Reilly ·
niallor on github · nian6324 on github · nianxuejie on github · Nicholas
Maniscalco · Nicholas Nethercote · Nick Banks · Nick Coghlan · Nick Draffen
· Nick Gimbrone · Nick Humfrey · Nicklas Avén · Nick Miyake · nick‑telia on
github · Nick Zitzmann · nico‑abram on github · Nico Baggus · Nicolas
Berloquin · Nicolas Croiset · Nicolas François · Nicolas Grekas · Nicolas
Guillier · Nicolas Morey‑Chaisemartin · Nicolas Noben · Nicolás Ojeda Bär ·
Nicolas Sterchele · Nico Rieck · Nic Roets · Niels Martignène · Niels van
Tongeren · Nikita Schmidt · Nikita Taranov · Nikitinskit Dmitriy · Niklas
Angebrand · Niklas Hambüchen · Nikolai Kondrashov · Nikos Mavrogiannopoulos
· Nikos Tsipinakis · nimaje on github · niner on github · Ning Dong ·
Niracler Li · Niranjan Hasabnis · Nir Soffer · Nis Jorgensen · nk · Noam
Moshe · nobedee on github · NobodyXu on github · Nobuhiro Ban · Nodak Sodak
· nopjmp on github · Norbert Frese · Norbert Kett · norbertmm on github ·
Norbert Novotny · nosajsnikta on github · NTMan on Github · Nuru on github ·
Octavio Schroeder · odek86 on github · Ofer · ohyeaah on github · Okhin
Vasilij · Olaf Flebbe · Olaf Hering · Olaf Stüben · Ola Mork · Oleg Jukovec
· Oleg Pudeyev · Oleguer Llopart · Olen Andoni · olesteban on github · Oli
Kingshott · Oliver Chang · Oliver Gondža · Oliver Graute · Oliver Kuckertz ·
oliverpool on github · Oliver Roberts · Oliver Schindler · Oliver Urbann ·
Olivier Berger · Olivier Brunel · Omar Ramadan · omau on github · Ondřej
Koláček · opensignature on github · opensslonzos‑github on github · Ophir
Lojkine · Orange Tsai · Oren Souroujon · Oren Tirosh · Orgad Shaneh · Ori
Avtalion · orycho on github · osabc on github · Osaila on github · Osama
Albahrani · Oscar Koeroo · Oscar Norlander · Oskar Liljeblad · Oskar
Sigvardsson · Oumph on github · Outvi V · ovidiu‑benea on github · Ozan
Cansel · Pablo Busse · Palo Markovic · pandada8 on github · Paolo Mossino ·
Paolo Piacentini · Paras Sethia · parazyd on github · Pascal Gaudette ·
Pascal Terjan · Pasha Kuznetsov · Pasi Karkkainen · patelvivekv1993 on
github · patnyb on github · Pat Ray · Patrice Guerin · Patricia Muscalu ·
Patrick Bihan‑Faou · Patrick Dawson · Patrick McManus · Patrick Monnerat ·
Patrick Rapin · Patrick Schlangen · Patrick Scott · Patrick Smith · Patrick
Watson · Patrik Thunstrom · Pau Garcia i Quiles · Paul B.  Omta · Paul
Donohue · Paul Dreik · Paul Groke · Paul Harrington · Paul Harris · Paul
Hoffman · Paul Howarth · Paul Johnson · Paul Joyce · Paul Marks · Paul
Marquis · Paul Moore · Paul Nolan · Paul Oliver · Paulo Roberto Tomasi ·
Paul Querna · Paul Saab · Paul Seligman · Paul Vixie · Paul Wise · Pavel
Cenek · Pavel Gushchin · Pavel Kalyugin · Pavel Löbl · Pavel Mayorov · Pavel
Orehov · Pavel Pavlov · Pavel Raiskup · Pavel Rochnyak · Pavel Volgarev ·
Pavol Markovic · Pawel A.  Gajda · Pawel Kierski · Paweł Kowalski · Paweł
Wegner · Paweł Witas · PBudmark on github · Pedro Henrique · Pedro Larroy ·
Pedro Monreal · Pedro Neves · pendrek at hackerone · Peng Li · Peng‑Yu Chen
· Per Jensen · Per Lundberg · Per Malmberg · Per Nilsson · Pete Lomax ·
Peter Bray · Peter Forret · Peter Frühberger · Peter Gal · Peter Goodman ·
Peter Heuchert · Peter Hjalmarsson · Pēteris Caune · Peteris Krumins · Peter
Körner · Peter Korsgaard · Peter Krefting · Peter Lamare · Peter Lamberg ·
Peter Laser · Peter O'Gorman · Peter Pentchev · Peter Piekarski · Peter
Silva · Peter Simonyi · Peter Su · Peter Sumatra · Peter Sylvester · Peter
Todd · Peter Varga · Peter Verhas · Peter Wang · Peter Wu · Peter Wullinger
· Petr Bahula · Petr Novak · Petr Pisar · Petr Štetiar · Petr Voytsik · Phil
Blundell · Phil Crump · Phil E.  Taylor · Philip Chan · Philip Craig ·
Philip Gladstone · Philip Heiduck · Philip Langdale · Philippe Antoine on
HackerOne · Philippe Hameau · Philippe Marguinaud · Philipp Engel · Philippe
Raoult · Philippe Vaucher · Philipp Klaus Krause · Philip Prindeville ·
Philipp Waehnert · Philip Sanetra · Phil Karn · Phil Lisiecki · Phil
Pellouchoud · Pierre · Pierre Brico · Pierre Chapuis · Pierre Joye · Pierre
Yager · Pierre Ynard · Pierre‑Yves Bigourdan · Pierrick Charron · Piotr
Dobrogost · Piotr Komborski · Po‑Chuan Hsieh · Pontakorn Prasertsuk · Pontus
Lundkvist · Pooyan McSporran · Poul T Lomholt · Pramod Sharma · Prash Dush ·
Praveen Pvs · Prithvi MK · privetryan on github · Priyanka Shah ·
ProceduralMan on github · promptfuzz_ on hackerone · Pronyushkin Petr · P R
Schaffner · Przemysław Tomaszewski · pszemus on github · pszlazak on github
· puckipedia on github · Puneet Pawaia · qiandu2006 on github · Quagmire ·
Quanah Gibson‑Mount · Quentin Balland · Quinn Slack · Radek Brich · Radek
Zajic · Radoslav Georgiev · Radu Hociung · Radu Simionescu · Rafael Antonio
· Rafaël Carré · Rafael Sagula · Rafał Mikrut · Rafa Muyo · Rafayel
Mkrtchyan · Rainer Canavan · Rainer Jung · Rainer Koenig · Rainer Müller ·
RainRat · Raito Bezarius · Rajesh Naganathan · Rajkumar Mandal · Ralf S. 
Engelschall · Ralph Beckmann · Ralph Langendam · Ralph Mitchell · Ramiro
Garcia · Ram Krushna Mishra · ramsay‑jones on github · RanBarLavie on github
· Randall S.  Becker · Randolf J · Randy Armstrong · Randy McMurchy · Ran
Mozes · Raphael Gozzo · r‑a‑sattarov on github · Rasmus Melchior Jacobsen ·
Raul Onitza‑Klugman · Ravi Pratap · Ray Dassen · Ray Pekowski · Ray Satiro ·
Razvan Cojocaru · rcombs on github · R.  Dennis Steed · Red Hat Product
Security · Reed Loden · Reinhard Max · Reinout van Schouwen · RekGRpth on
github · Remco van Hooff · Remi Gacogne · Remo E · Rémy Léone · Renato
Botelho · Renaud Allard · Renaud Chaillat · Renaud Duhaut · Renaud Guillard
· Renaud Lehoux · Rene Bernhardt · Rene Rebe · Reuven Wachtfogel · RevaliQaQ
on github · Reza Arbab · Rianov Viacheslav · Ricardo Cadime · Ricardo Gomes
· Ricardo Martins · Ricardo M.  Correia · Richard Adams · Richard Alcock ·
Richard Archer · Richard Atterer · Richard Bowker · Richard Bramante ·
Richard Clayton · Richard Cooper · Richard Gorton · Richard Gray · Richard
Hosking · Richard Hsu · Richard Levitte · Richard Marion · Richard Michael ·
Richard Moore · Richard Prescott · Richard Silverman · Richard van den Berg
· Richard Whitehouse · Richard W.M.  Jones · Rich Burridge · Rich FitzJohn ·
Rich Gray · Rich Mirch · Rich Rauenzahn · Rich Salz · Rich Turner · Richy
Kim · Rici Lake · Rickard Hallerbäck · Rick Deist · Ricki Hirner · Rick
Jones · Rick Lane · Rick Richardson · Rick Welykochy · Ricky Leverence ·
Ricky‑Tigg on github · RiderALT on github · Rider Linden · Rikard Falkeborn
· rilysh · rl1987 on github · Rob Boeckermann · RobBotic1 on github · Robby
Simpson · Rob Cotrone · Rob Crittenden · Rob Davies · Rob de Wit · Robert A. 
Monat · Robert B.  Harris · Robert Brose · Robert Charles Muir · Robert
Dunaj · Robert D.  Young · Robert Foreman · Robert Iakobashvili · Robert
Kolcun · Robert Linden · Robert Moreton · Robert Olson · Robert Prag ·
Robert Ronto · Robert Schumann · Robert Simpson · Robert Southee · Robert
Weaver · Robert Wruck · Robin A.  Meade · Robin Cornelius · Robin Douine ·
Robin Johnson · Robin Kay · Robin Marx · Rob Jones · Rob Sanders · Robson
Braga Araujo · Rob Stanzel · Rob Ward · Rodger Combs · Rodney Simmons ·
Rodric Glaser · Rodrigo Silva · Rod Widdowson · Roger Leigh · Roger Orr ·
Roger Young · Roland Blom · Roland Hieber · Roland Krikava · Roland
Zimmermann · Rolf Eike Beer · Rolland Dudemaine · Romain Coltel · Romain
Fliedel · Romain Geissler · romamik om github · Roman Koifman · Roman
Mamedov · Romulo A.  Ceccon · Ronan Pigott · Ron Eldor · Ronnie Mose · Ron
Parker · Ron Zapp · Rosen Penev · Rosimildo da Silva · Ross Burton ·
roughtex on github · Roy Bellingan · Roy Li · Roy Shan · Rudi Heitbaum · Rui
LIU · Rui Pinheiro · Rune Kleveland · Ruslan Baratov · Ruslan Gazizov ·
Rutger Broekhoff · Rutger Hofman · Ruurd Beerstra · RuurdBeerstra on github
· rwmjones on github · Ryan Beck‑Buysse · Ryan Braud · ryancaicse on github
· Ryan Carsten Schmidt · Ryan Chan · Ryan Mast · Ryan Nelson · Ryan Schmidt
· Ryan Scott · Ryan Sleevi · Ryan Winograd · Ryuichi KAWAMATA · rzrymiak on
github · s0urc3_ on hackerone · Sai Ram Kunala · Salah‑Eddin Shaban · Saleem
Abdulrasool · SaltyMilk · Salvador Dávila · Salvatore Sorrentino · Samanta
Navarro · Sam Deane · Sam Hurst · Sam James · Sampo Kellomaki · Sam Roth ·
Sam Schanken · Samuel Chiang · Samuel Díaz García · Samuel Henrique · Samuel
Listopad · Samuel Marks · Samuel Surtees · Samuel Thibault · Samuel Tranchet
· SandakovMM on github · Sander Gates · Sandor Feldi · Sandro Jaeckel ·
Santhana Todatry · Santino Keupp · Saqib Ali · Sara Golemon · Saran Neti ·
Sascha Swiercy · Sascha Zengler · Satadru Pramanik · Satana de Sant'Ana ·
Saul good · Saurav Babu · sayrer on github · SBKarr on github · Scarlett
McAllister · Scott Bailey · Scott Barrett · Scott Cantor · Scott Davis ·
Scott McCreary · Scott Mutter · Scott Talbert · sd0 on hackerone · Sean
Boudreau · Sean Burford · Sean MacLennan · Sean McArthur · Sean Miller ·
Sean Molenaar · Sebastiaan van Erk · Sebastian Haglund · Sebastian Mundry ·
Sebastian Neubauer · Sebastian Pohlschmidt · Sebastian Rasmussen · Sebastian
Sterk · Sébastien Helleu · Sébastien Willemijns · selmelc on hackerone ·
SendSonS on github · Senthil Raja Velu · Sergei Kuzmin · Sergei Nikulov ·
Sergey · Sergey Alirzaev · Sergey Bronnikov · Sergey Fionov · Sergey
Markelov · Sergey Ogryzkov · Sergey Ryabinin · Sergey Tatarincev · Sergii
Kavunenko · Sergii Pylypenko · Sergio Ballestrero · Sergio Barresi · Sergio
Borghese · Sergio Durigan Junior · Sergio‑IME on github · Sergio Mijatovic ·
sergio‑nsk on github · Serj Kalichev · SerusDev on github · Seshubabu Pasam
· Seth Mos · Sevan Janiyan · sfan5 on github · Sgharat on github · Shachaf
Ben‑Kiki · ShadowZzj on github · Shailesh Kapse · Shankar Jadhavar · Shao
Shuchao · Sharad Gupta · Shard · Sharon Brizinov · Shaun Jackman · Shaun
Mirani · Shawn Landden · Shawn Poulson · Sh Diao · Sheshadri.V · Shikha
Sharma · Shine Fan · Shiraz Kanga · shithappens2016 on github · Shlomi Fish
· Shmulik Regev · Shohei Maeda · Siddhartha Prakash Jain · siddharthchhabrap
on githu · Sidney San Martín · Siegfried Gyuricsko · silveja1 on github ·
Simon Berger · Simon Chalifoux · Simon Dick · Simon H.  · Simon Josefsson ·
Simon K · Simon Legner · Simon Liu · Simon Warta · simplerobot on github ·
Siva Sivaraman · SLDiggie on github · Smackd0wn · Smackd0wn on github · S. 
Moonesamy · smuellerDD on github · sn on hackerone · sofaboss on github ·
Sohom Datta · Somnath Kundu · Song Ma · Sonia Subramanian · Spacen Jasset ·
Spezifant on github · Spiridonoff A.V · Spoon Man · Spork Schivago · ssdbest
on github · sspiri on github · sstruchtrup on github · Stadler Stephan ·
Stan Hu · Stanislav Ivochkin · Stanislav Zidek · Stanley Wucw · Stan van de
Burgt · Stathis Kapnidis · Stav Nir · steelman on github · Stefan Agner ·
Stefan Bühler · Stefan Eissing · Stefan Esser · Stefan Grether · Stefan
Huber · Stefan Kanthak · Stefan Karpinski · Stefan Krause · Štefan Kremeň ·
Stefan Neis · Stefano Simonelli · Stefan Strogin · Stefan Talpalaru · Stefan
Teleman · Stefan Tomanek · Stefan Ulrich · Stefan Yohansson · Steinar H. 
Gunderson · steini2000 on github · Stepan Broz · Stepan Efremov · Stephan
Bergmann · Stephane Pellegrino · Stephan Guilloux · Stephan Lagerholm ·
Stephan Mühlstrasser · Stephan Szabo · Stephen Boost · Stephen Brokenshire ·
Stephen Collyer · Stephen Kick · Stephen M.  Coakley · Stephen More ·
Stephen Toub · Sterling Hughes · Steve Green · Steve Havelka · Steve Herrell
· Steve Holme · Steve H Truong · Steve Lhomme · Steve Little · Steve Marx ·
Steven Allen · Steven Bazyl · Steven G.  Johnson · Steven Gu · Steven M. 
Schweda · Steven Parkes · Steven Penny · Steve Oliphant · Steve Roskowski ·
Steve Walch · Stewart Gebbie · Stian Soiland‑Reyes · Stoned Elipot ·
stootill on github · Stuart Henderson · Sukanya Hanumanthu · SumatraPeter on
github · Sune Ahlgren · Sunny Bean · Sunny Purushe · SuperIlu on github ·
Sven Anders · Sven Blumenstein · Sven Neuhaus · Sven Wegener · Svyatoslav
Mishyn · swalkaus at yahoo.com · sylgal on github · Sylvestre Ledru · Symeon
Paraschoudis · T200proX7 on github · Tadej Vengust · Tae Hyoung Ahn · Taiyu
Len · Tal Regev · Taneli Vähäkangas · Tanguy Fautre · Taras Kushnir ·
tarek112 on github · Tatsuhiko Miyagawa · Tatsuhiro Tsujikawa · tawmoto on
github · T.  Bharath · tbugfinder on github · Ted Lyngmo · Teemu Yli‑Elsila
· Temprimus · Terri Oda · Terry Wu · thanhchungbtc on github · TheAssassin
on github · The Infinnovation team · TheKnarf on github · Theo · Theodore
Dubois · therealhirudo on github · Thiago Suchorski · tholin on github ·
Thomas1664 on github · Thomas Bouzerar · Thomas Braun · Thomas Danielsson ·
Thomas Ferguson · Thomas Gamper · Thomas Glanzmann · Thomas Guillem · Thomas
J.  Moore · Thomas Klausner · Thomas Lopatic · Thomas L.  Shinnick · Thomas
M.  DuBuisson · Thomas Petazzoni · Thomas Pyle · Thomas Ruecker · Thomas
Schwinge · Thomas Taylor · Thomas Tonino · Thomas van Hesteren · Thomas
Vegas · Thomas Weißschuh · Thorsten Klein · Thorsten Schöning · Tiit Pikma ·
Till Maas · Till Wegmüller · Tim Ansell · Tim Baker · Tim Bartley · Tim Chen
· Tim Costello · Tim Harder · Tim Heckman · Tim Hill · Tim Mcdonough · Timmy
Schierling · Tim Newsome · Timo Lange · Timo Sirainen · Timotej Lazar ·
Timothe Litt · Timothy Gu · Timothy Polich · Tim Rühsen · Tim Sedlmeyer ·
Tim Sneddon · Tim Stack · Tim Starling · Tim Tassonis · Timur Artikov · Tim
Verhoeven · Tinus van den Berg · TJ Saunders · Tk Xiong · tlahn on github ·
tmkk on github · Tobias Blomberg · Tobias Gabriel · Tobias Hieta · Tobias
Hintze · Tobias Lindgren · Tobias Markus · Tobias Nießen · Tobias Nygren ·
Tobias Nyholm · Tobias Rundström · Tobias Schaefer · Tobias Stoeckmann ·
Toby Peterson · Todd A Ouska · Todd Kaufmann · Todd Kulesza · Todd Short ·
Todd Vierling · Tomas Berger · Tomas Hoger · Tomas Jakobsson · Tomas Mlcoch
· Tomas Mraz · Tomas Pospisek · Tomas Szepe · Tomas Tomecek · Tomasz Kojm ·
Tomasz Lacki · Tom Benoist · Tom Donovan · Tom Eccles · Tom G.  Christensen
· Tom Grace · Tom Greenslade · Tom Lee · Tom Mattison · Tommie Gannert ·
tommink[at]post.pl · Tom Moers · Tom Mueller · Tommy Chiang · Tommy Odom ·
Tommy Petty · Tommy Tam · Tom Regner · Tom Seddon · Tom Sparrow · Tom van
der Woerdt · Tom Wright · Tom Zerucha · Toni Moreno · Ton Voon · Tony Kelman
· tonystz on Github · Toon Verwaest · Tor Arntsen · Torben Dannhauer ·
Torben Dury · Török Edwin · Torsten Foertsch · Toshio Kuratomi · Toshiyuki
Maezawa · tpaukrt on github · Traian Nicolescu · Trail of Bits · Travis
Burtrum · Travis Obenhaus · Trivikram Kamat · Troels Walsted Hansen · Troy
Engel · trrui‑huawei · Tseng Jun · Tuomas Siipola · Tuomo Rinne · Tupone
Alfredo · Turiiya · T.  Yamada · Tyler Hall · u20221022 on github · Ulf
Härnhammar · Ulf Samuelsson · Ulrich Doehner · Ulrich Telle · Ulrich Zadow ·
UnicornZhang on Github · updatede on github · UrsusArctos on github · User
Sg · ustcqidi on github · Vadim Grinshpun · Valentin David · Valentín
Gutiérrez · Valentin Richter · Valentyn Korniienko · Valerii Zapodovnikov ·
vanillajonathan on github · Varnavas Papaioannou · Vasiliy Faronov · Vasiliy
Ulyanov · Vasily Lobaskin · Vasy Okhin · Venkat Akella · Venkataramana
Mokkapati · Vicente Garcia · Victor Magierski · Victor Snezhko · VictorVG on
github · Victor Vieux · Vijay Panghal · Vikram Saxena · Viktor Szakats ·
Vilhelm Prytz · Ville Skyttä · Vilmos Nebehaj · Vincas Razma · Vincent
Bronner · Vincent Grande · Vincent Le Normand · Vincent Penquerc'h · Vincent
Sanders · Vincent Torri · violetlige on github · vitaha85 on github · Vitaly
Varyvdin · Vítor Galvão · vl409 on github · Vlad Grachov · Vladimir
Grishchenko · Vladimir Kotal · Vladimir Lazarenko · Vladimir Panteleev ·
Vladimir Varlamov · Vlad Ureche · Vlastimil Ovčáčík · vlkl‑sap on github ·
vlubart on github · Vojtech Janota · Vojtěch Král · Vojtech Minarik · Volker
Schmid · Vsevolod Novikov · vshmuk on hackerone · vulnerabilityspotter on
hackerone · vvb2060 · vvb2060 on github · Vyron Tsingaras · w0x42 on
hackerone · Waldek Kozba · Walter J.  Mack · wangzhikun · Ward Willats ·
Warren Menzer · Wayne Haigh · Wei Chong Tan · Wenchao Li · Wenxiang Qian ·
Werner Koch · Werner Stolz · Wes Hinsley · wesinator on github · Wesley
Laxton · Wesley Miaw · Wez Furlong · Wham Bang · Wilfredo Sanchez · Wilhelm
von Thiele · Will Dietz · Willem Hoek · Willem Sparreboom · William Ahern ·
William A.  Rowe Jr · William Desportes · William Tang · Will Roberts ·
Winni Neessen · W.  Mark Kubacki · wmsch on github · wncboy on github ·
Wojciech Zwiefka · Wolf Vollprecht · Wouter Van Rooy · Wu Yongzheng · Wu
Zheng · Wyatt O'Day · Wyatt OʼDay · x2018 on github · Xavier Bouchoux ·
XhmikosR on github · XhstormR on github · Xiangbin Li · xianghongai on
github · Xiang Xiao · Xiaoke Wang · Xiaoyin Liu · Xì Gà · Xi Ruoyao ·
XmiliaH on github · xnynx on github · xtonik on github · xwxbug on github ·
Yaakov Selkowitz · Yadhu Krishna M · Yair Lenga · Yang Tse · Yaobin Wen ·
Yarram Sunil · Yasuharu Yamada · Yasuhiro Matsumoto · Yechiel Kalmenson ·
Yedaya Katsman · Yehezkel Horowitz · Yehoshua Hershberg · ygthien on github
· Yifei Kong · Yi Huang · Yiming Jing · Yingwei Liu · yiyuaner on github ·
Ymir1711 on github · Yonggang Luo · Yongkang Huang · Younes El‑karama ·
youngchopin on github · Yousuke Kimoto · Yukihiro Kawada · Yun SangHo ·
Yurii Rashkovskii · Yuri Slobodyanyuk · Yuriy Chernyshov · Yuriy Sosov ·
yushicheng7788 on github · Yusuke Nakamura · Yu Xin · Yves Arrouye · Yves
Lejeune · YX Hao · z2𔂬z on github · z2_ on hackerone · Zachary Seguin
· Zdenek Pavlas · Zekun Ni · zelinchen on github · zengwei · zengwei2000 ·
Zenju on github · Zero King · Zespre Schmidt · zhanghu on xiaomi · Zhang
Xiuhua · Zhaoyang Wu · Zhao Yisha · zhengqwe on github · Zhibiao Wu ·
zhihaoy on github · Zhouyihai Ding · ZimCodes on github · zloi‑user on
github · Zmey Petroff · Zvi Har'El · zzq1015 on github · Борис Верховский ·
Коваленко Анатолий Викторович · Никита Дорохин · ウさん · 不确定 · 加藤郁之
· 南宫雪珊 · 左潇峰 · 梦终无痕 · 積丹尼 Dan Jacobson
